<?xml version="1.0" encoding="UTF-8"?>
<beans xmlns="http://www.springframework.org/schema/beans"
xmlns:xsi="http://www.w3.org/2001/XMLSchema-instance"
xmlns:context="http://www.springframework.org/schema/context"
xsi:schemaLocation="http://www.springframework.org/schema/beans
http://www.springframework.org/schema/beans/spring-beans.xsd
http://www.springframework.org/schema/context
http://www.springframework.org/schema/context/spring-context.xsd">

  <context:component-scan base-package="com.cg.controller" />
  
  <bean class="org.springframework.web.servlet.view.InternalResourceViewResolver">
  <property name="prefix" value="/"/>
  <property name="suffix" value=".jsp" />
  </bean>
   
   <!--<context:property-placeholder location="classpath:oracle.properties" />  -->
<!-- 
  <bean id="dataSource"
  class="org.springframework.jdbc.datasource.DriverManagerDataSource">
  <property name="driverClassName" value="oracle.jdbc.driver.OracleDriver" />
  <property name="url" value="jdbc:oracle:thin:@localhost:1521:XE" />
  <property name="username" value="System" />
  <property name="password" value="Capgemini123" />
  </bean>

  <bean id="template"
  class="org.springframework.jdbc.core.JdbcTemplate">
  <constructor-arg ref="dataSource" />
  </bean>
 
 <bean id="dao" class="com.cg.dao.TraineeDAOImpl" />  --> 
</beans>
